[
  {
    "name": "Bella Vista Elementary School District",
    "county": "Shasta County"
  },
  {
    "name": "Black Butte Union School District",
    "county": "Shasta County"
  },
  {
    "name": "Cascade Union School District",
    "county": "Shasta County"
  },
  {
    "name": "Castle Rock Union School District",
    "county": "Shasta County"
  },
  {
    "name": "Columbia Elementary School District",
    "county": "Shasta County"
  },
  {
    "name": "Cottonwood Union School District",
    "county": "Shasta County"
  },
  {
    "name": "Enterprise Elementary School District",
    "county": "Shasta County"
  },
  {
    "name": "Fall River Joint Unified School District",
    "county": "Shasta County"
  },
  {
    "name": "French Gulch-Whiskeytown School District",
    "county": "Shasta County"
  },
  {
    "name": "Gateway Unified School District",
    "county": "Shasta County"
  },
  {
    "name": "Grant Elementary School District",
    "county": "Shasta County"
  },
  {
    "name": "Happy Valley Union School District",
    "county": "Shasta County"
  },
  {
    "name": "Igo-Ono Platina Union School District",
    "county": "Shasta County"
  },
  {
    "name": "Indian Springs School District",
    "county": "Shasta County"
  },
  {
    "name": "Junction Elementary School District",
    "county": "Shasta County"
  },
  {
    "name": "Millville Elementary School District",
    "county": "Shasta County"
  },
  {
    "name": "Mountain Union School District",
    "county": "Shasta County"
  },
  {
    "name": "North Cow Creek Elementary School District",
    "county": "Shasta County"
  },
  {
    "name": "Oak Run Elementary School District",
    "county": "Shasta County"
  },
  {
    "name": "Pacheco Union School District",
    "county": "Shasta County"
  },
  {
    "name": "Redding Elementary School District",
    "county": "Shasta County"
  },
  {
    "name": "Shasta Union Elementary School District",
    "county": "Shasta County"
  },
  {
    "name": "Shasta County Office of Education",
    "county": "Shasta County"
  },
  {
    "name": "Whitmore Union Elementary School District",
    "county": "Shasta County"
  },
  {
    "name": "Anderson Union High School District",
    "county": "Shasta County"
  },
  {
    "name": "Shasta Union High School District",
    "county": "Shasta County"
  },
  {
    "name": "Other",
    "county": "Shasta County"
  }
]