[
  {
    "name" : "Bella Vista Elementary School",
    "district": "Bella Vista Elementary School District"
  },
  {
    "name" : "Black Butte Elementary School",
    "district": "Black Butte Union School District"
  },
  {
    "name" : "Meadow Lane Elementary School",
    "district": "Cascade Union School District"
  },
  {
    "name" : "Castle Rock Union Elementary School",
    "district": "Castle Rock Union School District"
  },
  {
    "name" : "Columbia Elementary School",
    "district": "Columbia Elementary School District"
  },
  {
    "name" : "North Cottonwood Elementary School",
    "district": "Cottonwood Union School District"
  },
  {
    "name" : "Alta Mesa Elementary School",
    "district": "Enterprise Elementary School District"
  },
  {
    "name" : "Boulder Creek Elementary School",
    "district": "Enterprise Elementary School District"
  },
  {
    "name" : "Lassen View Elementary School",
    "district": "Enterprise Elementary School District"
  },
  {
    "name" : "Mistletoe Elementary School",
    "district": "Enterprise Elementary School District"
  },
  {
    "name" : "Rother Elementary School",
    "district": "Enterprise Elementary School District"
  },
  {
    "name" : "Shasta Meadows Elementary School",
    "district": "Enterprise Elementary School District"
  },
  {
    "name" : "Burney Elementary School",
    "district": "Fall River Joint Unified School District"
  },
  {
    "name" : "Burney Community Day School",
    "district": "Fall River Joint Unified School District"
  },
  {
    "name" : "Fall River Elementary School",
    "district": "Fall River Joint Unified School District"
  },
  {
    "name" : "Fall River Elementary Community Day School",
    "district": "Fall River Joint Unified School District"
  },
  {
    "name" : "French Gulch-Whiskeytown School",
    "district": "French Gulch-Whiskeytown School District"
  },
  {
    "name" : "Buckeye School of the Arts",
    "district": "Gateway Unified School District"
  },
  {
    "name" : "Grand Oaks Elementary School",
    "district": "Gateway Unified School District"
  },
  {
    "name" : "Shasta Lake School",
    "district": "Gateway Unified School District"
  },
  {
    "name" : "Grant Elementary School",
    "district": "Grant Elementary School District"
  },
  {
    "name" : "Happy Valley Primary School",
    "district": "Happy Valley Union School District"
  },
  {
    "name" : "Igo-Ono Elementary School",
    "district": "Igo-Ono Platina Union School District"
  },
  {
    "name" : "Platina Elementary School",
    "district": "Igo-Ono Platina Union School District"
  },
  {
    "name" : "Indian Springs Elementary School",
    "district": "Indian Springs School District"
  },
  {
    "name" : "Junction Elementary School",
    "district": "Junction Elementary School District"
  },
  {
    "name" : "Millville Elementary School",
    "district": "Millville Elementary School District"
  },
  {
    "name" : "Mountain Union School",
    "district": "Mountain Union School District"
  },
  {
    "name" : "North Cow Creek Elementary School",
    "district": "North Cow Creek Elementary School District"
  },
  {
    "name" : "Oak Run Elementary School",
    "district": "Oak Run Elementary School District"
  },
  {
    "name" : "Prairie Elementary School",
    "district": "Pacheco Union School District"
  },
  {
    "name" : "Bonny View Elementary School",
    "district": "Redding Elementary School District"
  },
  {
    "name" : "Cypress Elementary School",
    "district": "Redding Elementary School District"
  },
  {
    "name" : "Juniper School",
    "district": "Redding Elementary School District"
  },
  {
    "name" : "Manzanita Elementary School",
    "district": "Redding Elementary School District"
  },
  {
    "name" : "Sycamore Elementary School",
    "district": "Redding Elementary School District"
  },
  {
    "name" : "Turtle Bay Elementary School",
    "district": "Redding Elementary School District"
  },
  {
    "name" : "Shasta Union Elementary School",
    "district": "Shasta Union Elementary School District"
  },
  {
    "name" : "EXCEL Academy",
    "district": "Shasta County Office of Education"
  },
  {
    "name" : "Whitmore Elementary School",
    "district": "Whitmore Union Elementary School District"
  },
  {
    "name" : "Redding Community Day School",
    "district": "Other"
  },
  {
    "name" : "Stellar School",
    "district": "Other"
  },
  {
    "name" : "Other",
    "district": "Other"
  }
]